{
  "lonLength": 8,
  "startLat": 22.625,
  "endLat": 21.75,
  "latLength": 8,
  "startLon": 113.125,
  "lonInterval": 0.125,
  "endLon": 114,
  "latInterval": -0.125,
  "data": [
    [
      9.056782496692156,
      7.801288850218312,
      7.380645312158687,
      6.705000159859664,
      3.4843573026554617,
      3.4710361947117225,
      6.2594279444068,
      8.445152840679883
    ],
    [
      8.528114851697142,
      8.700029504950663,
      8.104297214217368,
      7.2120486759049935,
      3.3145447931200556,
      3.4230541890061605,
      5.477881636409262,
      4.743511686367617
    ],
    [
      9.927774028854394,
      8.81249771118165,
      7.924259437729111,
      7.253917793428156,
      3.608093477163536,
      3.363748923705139,
      0.9780054737571585,
      7.048797478371707
    ],
    [
      9.194957979460868,
      9.142966767809934,
      8.803124103227281,
      9.077365880722198,
      5.5893891067324795,
      6.529883710743665,
      12.62162838446711,
      13.246589555177371
    ],
    [
      4.019553406429884,
      9.966486879322416,
      10.212796078840721,
      9.407597370821014,
      11.939273213488741,
      15.01351521732942,
      17.923254310912977,
      19.88976941023541
    ],
    [
      10.118182063172698,
      11.190500822418294,
      13.484691837029128,
      14.236416987191967,
      16.692937455184154,
      19.142586986448592,
      21.362882520686863,
      22.542228108628493
    ],
    [
      13.651429221066461,
      14.826055135779532,
      16.734333408759607,
      18.049020499185275,
      20.467706155773246,
      22.29984127779799,
      23.111148212311896,
      25.396144518029196
    ],
    [
      17.481253584467584,
      18.554670567260263,
      20.50510723238097,
      21.952367835809156,
      24.500121843563925,
      26.091115051914162,
      27.957839816472184,
      29.15323342478928
    ]
  ]
}